nickname,datetime
빙봉,2026-01-08 10:02
쿠키,2026-01-08 10:02
빙티,2026-01-07 10:08
빙봉,2026-01-07 10:06
이든,2026-01-10 10:02
쿠키,2026-01-07 10:01
짱수,2026-01-07 10:00
쿠키,2026-01-06 13:03
빙봉,2026-01-06 13:02
이든,2026-01-06 13:01
짱수,2026-01-06 13:00
빙봉,2026-01-05 10:08
이든,2026-01-05 10:07
빙티,2026-01-05 10:01
짱수,2026-01-05 10:00
쿠키,2026-01-04 10:07
빙봉,2026-01-04 10:06
빙티,2026-01-04 10:06
짱수,2026-01-04 10:00
이든,2026-01-03 10:08
빙봉,2026-01-0 10:07
빙티,2026-01-03 10:02
쿠키,2026-01-03 10:02
짱수,2026-01-03 10:00
빙티,2026-01-02 10:07
이든,2026-01-02 10:06
쿠키,2026-01-02 10:06
빙봉,2026-01-02 10:03
짱수,2026-01-02 10:00
빙봉,2026-01-01 13:06
이든,2026-01-01 13:02
쿠키,2026-01-01 13:01
빙티,2026-01-01 13:00
짱수,2026-01-01 13:00